{
	"credit": "Made with Blockbench",
	"parent": "block/block",
	"ambientocclusion": false,
	"textures": {
		"1": "block/soul_sand",
		"2": "block/structure_block",
		"3": "block/structure_block_corner",
		"4": "block/structure_block_data",
		"5": "block/structure_block_load",
		"particle": "block/red_stained_glass"
	},
	"elements": [
		{
			"from": [6, 5, 6],
			"to": [10, 26, 10],
			"rotation": {"angle": 0, "axis": "y", "origin": [15, 8, 15]},
			"faces": {
				"north": {"uv": [12, 0, 16, 16], "texture": "#5", "tintindex": 0},
				"east": {"uv": [8, 0, 12, 16], "texture": "#5"},
				"south": {"uv": [12, 0, 16, 16], "texture": "#5"},
				"west": {"uv": [10, 0, 14, 16], "texture": "#5"},
				"up": {"uv": [1, 1, 5, 5], "texture": "#5"},
				"down": {"uv": [10, 10, 14, 14], "texture": "#5"}
			}
		},
		{
			"from": [6.5, 5, 6.5],
			"to": [9.5, 25, 9.5],
			"rotation": {"angle": 0, "axis": "y", "origin": [15, 8, 15]},
			"faces": {
				"north": {"uv": [0, 0, 16, 16], "texture": "#1"},
				"east": {"uv": [0, 0, 16, 16], "texture": "#1"},
				"south": {"uv": [0, 0, 16, 16], "texture": "#1"},
				"west": {"uv": [0, 0, 16, 16], "texture": "#1"},
				"up": {"uv": [1, 1, 5, 5], "texture": "#1"},
				"down": {"uv": [10, 10, 14, 14], "texture": "#1"}
			}
		},
		{
			"from": [17, 9, 12],
			"to": [21, 13, 16],
			"rotation": {"angle": 0, "axis": "y", "origin": [26, 3, 21]},
			"faces": {
				"north": {"uv": [3, 3, 11, 11], "texture": "#2"},
				"east": {"uv": [3, 3, 11, 11], "texture": "#2"},
				"south": {"uv": [3, 3, 11, 11], "texture": "#2"},
				"west": {"uv": [3, 3, 11, 11], "texture": "#2"},
				"up": {"uv": [3, 3, 11, 11], "texture": "#2"},
				"down": {"uv": [3, 3, 11, 11], "texture": "#2"}
			}
		},
		{
			"from": [4, 2, 16],
			"to": [8, 6, 20],
			"rotation": {"angle": 0, "axis": "y", "origin": [13, -4, 25]},
			"faces": {
				"north": {"uv": [3, 3, 11, 11], "texture": "#2"},
				"east": {"uv": [3, 3, 11, 11], "texture": "#2"},
				"south": {"uv": [3, 3, 11, 11], "texture": "#2"},
				"west": {"uv": [3, 3, 11, 11], "texture": "#2"},
				"up": {"uv": [3, 3, 11, 11], "texture": "#2"},
				"down": {"uv": [3, 3, 11, 11], "texture": "#2"}
			}
		},
		{
			"from": [1, 16, 14],
			"to": [5, 20, 18],
			"rotation": {"angle": 0, "axis": "y", "origin": [10, 10, 23]},
			"faces": {
				"north": {"uv": [3, 3, 11, 11], "texture": "#2"},
				"east": {"uv": [3, 3, 11, 11], "texture": "#2"},
				"south": {"uv": [3, 3, 11, 11], "texture": "#2"},
				"west": {"uv": [3, 3, 11, 11], "texture": "#2"},
				"up": {"uv": [3, 3, 11, 11], "texture": "#2"},
				"down": {"uv": [3, 3, 11, 11], "texture": "#2"}
			}
		},
		{
			"from": [-3, 12, 7],
			"to": [1, 16, 11],
			"rotation": {"angle": 0, "axis": "y", "origin": [6, 6, 16]},
			"faces": {
				"north": {"uv": [3, 3, 11, 11], "texture": "#2"},
				"east": {"uv": [3, 3, 11, 11], "texture": "#2"},
				"south": {"uv": [3, 3, 11, 11], "texture": "#2"},
				"west": {"uv": [3, 3, 11, 11], "texture": "#2"},
				"up": {"uv": [3, 3, 11, 11], "texture": "#2"},
				"down": {"uv": [3, 3, 11, 11], "texture": "#2"}
			}
		},
		{
			"from": [3, 21, -1],
			"to": [7, 25, 3],
			"rotation": {"angle": 0, "axis": "y", "origin": [12, 15, 8]},
			"faces": {
				"north": {"uv": [3, 3, 11, 11], "texture": "#2"},
				"east": {"uv": [3, 3, 11, 11], "texture": "#2"},
				"south": {"uv": [3, 3, 11, 11], "texture": "#2"},
				"west": {"uv": [3, 3, 11, 11], "texture": "#2"},
				"up": {"uv": [3, 3, 11, 11], "texture": "#2"},
				"down": {"uv": [3, 3, 11, 11], "texture": "#2"}
			}
		},
		{
			"from": [14, 12, -4],
			"to": [18, 16, 0],
			"rotation": {"angle": 0, "axis": "y", "origin": [23, 6, 5]},
			"faces": {
				"north": {"uv": [3, 3, 11, 11], "texture": "#2"},
				"east": {"uv": [3, 3, 11, 11], "texture": "#2"},
				"south": {"uv": [3, 3, 11, 11], "texture": "#2"},
				"west": {"uv": [3, 3, 11, 11], "texture": "#2"},
				"up": {"uv": [3, 3, 11, 11], "texture": "#2"},
				"down": {"uv": [3, 3, 11, 11], "texture": "#2"}
			}
		},
		{
			"from": [12, 19, 3],
			"to": [16, 23, 7],
			"rotation": {"angle": 0, "axis": "y", "origin": [21, 13, 12]},
			"faces": {
				"north": {"uv": [3, 3, 11, 11], "texture": "#2"},
				"east": {"uv": [3, 3, 11, 11], "texture": "#2"},
				"south": {"uv": [3, 3, 11, 11], "texture": "#2"},
				"west": {"uv": [3, 3, 11, 11], "texture": "#2"},
				"up": {"uv": [3, 3, 11, 11], "texture": "#2"},
				"down": {"uv": [3, 3, 11, 11], "texture": "#2"}
			}
		},
		{
			"from": [-6, 6, -2],
			"to": [-2, 10, 2],
			"rotation": {"angle": 0, "axis": "y", "origin": [3, 0, 7]},
			"faces": {
				"north": {"uv": [3, 3, 11, 11], "texture": "#2"},
				"east": {"uv": [3, 3, 11, 11], "texture": "#2"},
				"south": {"uv": [3, 3, 11, 11], "texture": "#2"},
				"west": {"uv": [3, 3, 11, 11], "texture": "#2"},
				"up": {"uv": [3, 3, 11, 11], "texture": "#2"},
				"down": {"uv": [3, 3, 11, 11], "texture": "#2"}
			}
		},
		{
			"from": [4, 0, 4],
			"to": [12, 4, 12],
			"rotation": {"angle": 0, "axis": "y", "origin": [12, 8, 12]},
			"faces": {
				"north": {"uv": [6, 10, 14, 14], "texture": "#4"},
				"east": {"uv": [6, 8, 14, 12], "texture": "#4"},
				"south": {"uv": [6, 10, 14, 14], "texture": "#4"},
				"west": {"uv": [6, 11, 14, 15], "texture": "#4"},
				"up": {"uv": [7, 7, 15, 15], "texture": "#4"},
				"down": {"uv": [0, 1, 7, 11], "texture": "#4"}
			}
		},
		{
			"from": [5, 4, 5],
			"to": [11, 6, 11],
			"rotation": {"angle": 0, "axis": "y", "origin": [13, 12, 16]},
			"faces": {
				"north": {"uv": [0, 6, 16, 8], "texture": "#3"},
				"east": {"uv": [0, 0, 6, 2], "texture": "#3"},
				"south": {"uv": [0, 6, 16, 9], "texture": "#3"},
				"west": {"uv": [0, 6, 16, 9], "texture": "#3"},
				"up": {"uv": [0, 0, 16, 16], "texture": "#3"},
				"down": {"uv": [0, 0, 6, 6], "texture": "#3"}
			}
		},
		{
			"from": [5, 25, 5],
			"to": [11, 27, 11],
			"rotation": {"angle": 0, "axis": "y", "origin": [13, 33, 16]},
			"faces": {
				"north": {"uv": [0, 6, 16, 8], "texture": "#3"},
				"east": {"uv": [0, 7, 16, 9], "texture": "#3"},
				"south": {"uv": [0, 6, 16, 8], "texture": "#3"},
				"west": {"uv": [0, 6, 16, 8], "texture": "#3"},
				"up": {"uv": [0, 0, 16, 16], "texture": "#3"},
				"down": {"uv": [0, 0, 16, 16], "texture": "#3"}
			}
		},
		{
			"from": [4, 27, 4],
			"to": [6, 29, 6],
			"rotation": {"angle": 0, "axis": "y", "origin": [13, 35, 13]},
			"faces": {
				"north": {"uv": [8, 8, 10, 10], "texture": "#3"},
				"east": {"uv": [10, 3, 12, 5], "texture": "#3"},
				"south": {"uv": [8, 6, 10, 8], "texture": "#3"},
				"west": {"uv": [10, 4, 12, 6], "texture": "#3"},
				"up": {"uv": [5, 11, 7, 13], "texture": "#3"},
				"down": {"uv": [3, 6, 5, 8], "texture": "#3"}
			}
		},
		{
			"from": [4, 27, 10],
			"to": [6, 29, 12],
			"rotation": {"angle": 0, "axis": "y", "origin": [13, 35, 19]},
			"faces": {
				"north": {"uv": [8, 9, 10, 11], "texture": "#3"},
				"east": {"uv": [4, 9, 6, 11], "texture": "#3"},
				"south": {"uv": [6, 5, 8, 7], "texture": "#3"},
				"west": {"uv": [11, 4, 13, 6], "texture": "#3"},
				"up": {"uv": [9, 10, 11, 12], "texture": "#3"},
				"down": {"uv": [5, 10, 7, 12], "texture": "#3"}
			}
		},
		{
			"from": [10, 27, 10],
			"to": [12, 29, 12],
			"rotation": {"angle": 0, "axis": "y", "origin": [19, 35, 19]},
			"faces": {
				"north": {"uv": [10, 4, 12, 6], "texture": "#3"},
				"east": {"uv": [8, 7, 10, 9], "texture": "#3"},
				"south": {"uv": [9, 3, 11, 5], "texture": "#3"},
				"west": {"uv": [7, 7, 9, 9], "texture": "#3"},
				"up": {"uv": [8, 6, 10, 8], "texture": "#3"},
				"down": {"uv": [12, 3, 14, 5], "texture": "#3"}
			}
		},
		{
			"from": [10, 27, 4],
			"to": [12, 29, 6],
			"rotation": {"angle": 0, "axis": "y", "origin": [19, 35, 13]},
			"faces": {
				"north": {"uv": [9, 7, 11, 9], "texture": "#3"},
				"east": {"uv": [11, 4, 13, 6], "texture": "#3"},
				"south": {"uv": [6, 8, 8, 10], "texture": "#3"},
				"west": {"uv": [8, 9, 10, 11], "texture": "#3"},
				"up": {"uv": [11, 6, 13, 8], "texture": "#3"},
				"down": {"uv": [4, 7, 6, 9], "texture": "#3"}
			}
		},
		{
			"from": [11, 28, 3],
			"to": [13, 31, 5],
			"rotation": {"angle": 0, "axis": "y", "origin": [20, 36, 12]},
			"faces": {
				"north": {"uv": [0, 0, 2, 3], "texture": "#5"},
				"east": {"uv": [0, 0, 2, 3], "texture": "#5"},
				"south": {"uv": [0, 0, 2, 3], "texture": "#5"},
				"west": {"uv": [0, 0, 2, 3], "texture": "#5"},
				"up": {"uv": [0, 0, 2, 2], "texture": "#5"},
				"down": {"uv": [0, 0, 2, 2], "texture": "#5"}
			}
		},
		{
			"from": [3, 28, 3],
			"to": [5, 31, 5],
			"rotation": {"angle": 0, "axis": "y", "origin": [12, 36, 12]},
			"faces": {
				"north": {"uv": [0, 0, 2, 3], "texture": "#5"},
				"east": {"uv": [0, 0, 2, 3], "texture": "#5"},
				"south": {"uv": [0, 0, 2, 3], "texture": "#5"},
				"west": {"uv": [0, 0, 2, 3], "texture": "#5"},
				"up": {"uv": [0, 0, 2, 2], "texture": "#5"},
				"down": {"uv": [0, 0, 2, 2], "texture": "#5"}
			}
		},
		{
			"from": [3, 28, 11],
			"to": [5, 31, 13],
			"rotation": {"angle": 0, "axis": "y", "origin": [12, 36, 20]},
			"faces": {
				"north": {"uv": [0, 0, 2, 3], "texture": "#5"},
				"east": {"uv": [0, 0, 2, 3], "texture": "#5"},
				"south": {"uv": [0, 0, 2, 3], "texture": "#5"},
				"west": {"uv": [0, 0, 2, 3], "texture": "#5"},
				"up": {"uv": [0, 0, 2, 2], "texture": "#5"},
				"down": {"uv": [0, 0, 2, 2], "texture": "#5"}
			}
		},
		{
			"from": [11, 28, 11],
			"to": [13, 31, 13],
			"rotation": {"angle": 0, "axis": "y", "origin": [20, 36, 20]},
			"faces": {
				"north": {"uv": [0, 0, 2, 3], "texture": "#5"},
				"east": {"uv": [0, 0, 2, 3], "texture": "#5"},
				"south": {"uv": [0, 0, 2, 3], "texture": "#5"},
				"west": {"uv": [0, 0, 2, 3], "texture": "#5"},
				"up": {"uv": [0, 0, 2, 2], "texture": "#5"},
				"down": {"uv": [0, 0, 2, 2], "texture": "#5"}
			}
		},
		{
			"from": [6.5, 29, 6.5],
			"to": [9.5, 32, 9.5],
			"rotation": {"angle": 0, "axis": "y", "origin": [16, 38, 16]},
			"faces": {
				"north": {"uv": [1, 1, 8, 8], "texture": "#5"},
				"east": {"uv": [1, 1, 8, 8], "texture": "#5"},
				"south": {"uv": [1, 1, 8, 8], "texture": "#5"},
				"west": {"uv": [1, 1, 8, 8], "texture": "#5"},
				"up": {"uv": [8, 7, 15, 14], "texture": "#5"},
				"down": {"uv": [8, 8, 14, 14], "texture": "#5"}
			}
		}
	],
	"display": {
		"thirdperson_righthand": {
			"rotation": [68, 0, 0],
			"translation": [-6, -4.25, 0],
			"scale": [4, 4, 4]
		}
	}
}