{
	"credit": "Made with Blockbench",
	"parent": "block/block",
	"textures": {
		"3": "block/black_glazed_terracotta",
		"4": "block/structure_block",
		"particle": "block/enchanting_table_bottom",
		"bottom": "block/enchanting_table_bottom",
		"top": "block/enchanting_table_top",
		"side": "block/enchanting_table_side"
	},
	"elements": [
		{
			"from": [0, 0, 0],
			"to": [16, 12, 16],
			"faces": {
				"north": {"uv": [0, 4, 16, 16], "texture": "#side", "cullface": "north"},
				"east": {"uv": [0, 4, 16, 16], "texture": "#side", "cullface": "east"},
				"south": {"uv": [0, 4, 16, 16], "texture": "#side", "cullface": "south"},
				"west": {"uv": [0, 4, 16, 16], "texture": "#side", "cullface": "west"},
				"up": {"uv": [0, 0, 16, 16], "texture": "#top"},
				"down": {"uv": [0, 0, 16, 16], "texture": "#bottom", "cullface": "down"}
			}
		},
		{
			"from": [-8, -0.01, -8],
			"to": [8, 0.99, 8],
			"rotation": {"angle": 0, "axis": "y", "origin": [0, 8, 0]},
			"faces": {
				"north": {"uv": [0, 0, 16, 1], "texture": "#3"},
				"east": {"uv": [0, 0, 16, 1], "texture": "#3"},
				"south": {"uv": [0, 0, 16, 1], "texture": "#3"},
				"west": {"uv": [0, 0, 16, 1], "texture": "#3"},
				"up": {"uv": [0, 0, 16, 16], "texture": "#3"},
				"down": {"uv": [0, 0, 16, 16], "texture": "#bottom"}
			}
		},
		{
			"from": [-8, -0.01, 8],
			"to": [8, 0.99, 24],
			"rotation": {"angle": 0, "axis": "y", "origin": [0, 8, 16]},
			"faces": {
				"north": {"uv": [0, 0, 16, 1], "texture": "#3"},
				"east": {"uv": [0, 0, 16, 1], "texture": "#3"},
				"south": {"uv": [0, 0, 16, 1], "texture": "#3"},
				"west": {"uv": [0, 0, 16, 1], "texture": "#3"},
				"up": {"uv": [0, 0, 16, 16], "rotation": 270, "texture": "#3"},
				"down": {"uv": [0, 0, 16, 16], "rotation": 90, "texture": "#bottom"}
			}
		},
		{
			"from": [8, -0.01, 8],
			"to": [24, 0.99, 24],
			"rotation": {"angle": 0, "axis": "y", "origin": [16, 8, 16]},
			"faces": {
				"north": {"uv": [0, 0, 16, 1], "texture": "#3"},
				"east": {"uv": [0, 0, 16, 1], "texture": "#3"},
				"south": {"uv": [0, 0, 16, 1], "texture": "#3"},
				"west": {"uv": [0, 0, 16, 1], "texture": "#3"},
				"up": {"uv": [0, 0, 16, 16], "rotation": 180, "texture": "#3"},
				"down": {"uv": [0, 0, 16, 16], "rotation": 180, "texture": "#bottom"}
			}
		},
		{
			"from": [8, -0.01, -8],
			"to": [24, 0.99, 8],
			"rotation": {"angle": 0, "axis": "y", "origin": [16, 8, 0]},
			"faces": {
				"north": {"uv": [0, 0, 16, 1], "texture": "#3"},
				"east": {"uv": [0, 0, 16, 1], "texture": "#3"},
				"south": {"uv": [0, 0, 16, 1], "texture": "#3"},
				"west": {"uv": [0, 0, 16, 1], "texture": "#3"},
				"up": {"uv": [0, 0, 16, 16], "rotation": 90, "texture": "#3"},
				"down": {"uv": [0, 0, 16, 16], "rotation": 270, "texture": "#bottom"}
			}
		},
		{
			"from": [5, 22, -15],
			"to": [11, 28, -9],
			"rotation": {"angle": 0, "axis": "y", "origin": [13, 30, -7]},
			"faces": {
				"north": {"uv": [3, 3, 11, 11], "texture": "#4"},
				"east": {"uv": [3, 3, 11, 11], "texture": "#4"},
				"south": {"uv": [3, 3, 11, 11], "texture": "#4"},
				"west": {"uv": [3, 3, 11, 11], "texture": "#4"},
				"up": {"uv": [3, 3, 11, 11], "texture": "#4"},
				"down": {"uv": [3, 3, 11, 11], "texture": "#4"}
			}
		},
		{
			"from": [5, 22, 25],
			"to": [11, 28, 31],
			"rotation": {"angle": 0, "axis": "y", "origin": [13, 30, 33]},
			"faces": {
				"north": {"uv": [3, 3, 11, 11], "texture": "#4"},
				"east": {"uv": [3, 3, 11, 11], "texture": "#4"},
				"south": {"uv": [3, 3, 11, 11], "texture": "#4"},
				"west": {"uv": [3, 3, 11, 11], "texture": "#4"},
				"up": {"uv": [3, 3, 11, 11], "texture": "#4"},
				"down": {"uv": [3, 3, 11, 11], "texture": "#4"}
			}
		},
		{
			"from": [-15, 22, 5],
			"to": [-9, 28, 11],
			"rotation": {"angle": 0, "axis": "y", "origin": [-7, 30, 13]},
			"faces": {
				"north": {"uv": [3, 3, 11, 11], "texture": "#4"},
				"east": {"uv": [3, 3, 11, 11], "texture": "#4"},
				"south": {"uv": [3, 3, 11, 11], "texture": "#4"},
				"west": {"uv": [3, 3, 11, 11], "texture": "#4"},
				"up": {"uv": [3, 3, 11, 11], "texture": "#4"},
				"down": {"uv": [3, 3, 11, 11], "texture": "#4"}
			}
		},
		{
			"from": [25, 22, 5],
			"to": [31, 28, 11],
			"rotation": {"angle": 0, "axis": "y", "origin": [33, 30, 13]},
			"faces": {
				"north": {"uv": [3, 3, 11, 11], "texture": "#4"},
				"east": {"uv": [3, 3, 11, 11], "texture": "#4"},
				"south": {"uv": [3, 3, 11, 11], "texture": "#4"},
				"west": {"uv": [3, 3, 11, 11], "texture": "#4"},
				"up": {"uv": [3, 3, 11, 11], "texture": "#4"},
				"down": {"uv": [3, 3, 11, 11], "texture": "#4"}
			}
		},
		{
			"from": [20, 20, 20],
			"to": [26, 26, 26],
			"rotation": {"angle": 0, "axis": "y", "origin": [28, 28, 28]},
			"faces": {
				"north": {"uv": [3, 3, 11, 11], "texture": "#4"},
				"east": {"uv": [3, 3, 11, 11], "texture": "#4"},
				"south": {"uv": [3, 3, 11, 11], "texture": "#4"},
				"west": {"uv": [3, 3, 11, 11], "texture": "#4"},
				"up": {"uv": [3, 3, 11, 11], "texture": "#4"},
				"down": {"uv": [3, 3, 11, 11], "texture": "#4"}
			}
		},
		{
			"from": [20, 20, -10],
			"to": [26, 26, -4],
			"rotation": {"angle": 0, "axis": "y", "origin": [28, 28, -2]},
			"faces": {
				"north": {"uv": [3, 3, 11, 11], "texture": "#4"},
				"east": {"uv": [3, 3, 11, 11], "texture": "#4"},
				"south": {"uv": [3, 3, 11, 11], "texture": "#4"},
				"west": {"uv": [3, 3, 11, 11], "texture": "#4"},
				"up": {"uv": [3, 3, 11, 11], "texture": "#4"},
				"down": {"uv": [3, 3, 11, 11], "texture": "#4"}
			}
		},
		{
			"from": [-10, 20, -10],
			"to": [-4, 26, -4],
			"rotation": {"angle": 0, "axis": "y", "origin": [-2, 28, -2]},
			"faces": {
				"north": {"uv": [3, 3, 11, 11], "texture": "#4"},
				"east": {"uv": [3, 3, 11, 11], "texture": "#4"},
				"south": {"uv": [3, 3, 11, 11], "texture": "#4"},
				"west": {"uv": [3, 3, 11, 11], "texture": "#4"},
				"up": {"uv": [3, 3, 11, 11], "texture": "#4"},
				"down": {"uv": [3, 3, 11, 11], "texture": "#4"}
			}
		},
		{
			"from": [-10, 20, 20],
			"to": [-4, 26, 26],
			"rotation": {"angle": 0, "axis": "y", "origin": [-2, 28, 28]},
			"faces": {
				"north": {"uv": [3, 3, 11, 11], "texture": "#4"},
				"east": {"uv": [3, 3, 11, 11], "texture": "#4"},
				"south": {"uv": [3, 3, 11, 11], "texture": "#4"},
				"west": {"uv": [3, 3, 11, 11], "texture": "#4"},
				"up": {"uv": [3, 3, 11, 11], "texture": "#4"},
				"down": {"uv": [3, 3, 11, 11], "texture": "#4"}
			}
		}
	]
}