{
	"credit": "Made with Blockbench",
	"parent": "block/block",
	"textures": {
		"4": "block/structure_block",
		"5": "block/soul_sand",
		"particle": "block/lectern_sides"
	},
	"elements": [
		{
			"from": [0, 0, 0],
			"to": [16, 2, 16],
			"faces": {
				"north": {"uv": [0, 14, 16, 16], "texture": "#5", "cullface": "north"},
				"east": {"uv": [0, 6, 16, 8], "texture": "#5", "cullface": "east"},
				"south": {"uv": [0, 6, 16, 8], "texture": "#5", "cullface": "south"},
				"west": {"uv": [0, 6, 16, 8], "texture": "#5", "cullface": "west"},
				"up": {"uv": [0, 0, 16, 16], "rotation": 180, "texture": "#5"},
				"down": {"uv": [0, 0, 16, 16], "texture": "#5", "cullface": "down"}
			}
		},
		{
			"from": [4, 2, 4],
			"to": [12, 15, 12],
			"faces": {
				"north": {"uv": [0, 0, 8, 13], "texture": "#5"},
				"east": {"uv": [2, 16, 15, 8], "rotation": 90, "texture": "#5"},
				"south": {"uv": [8, 3, 16, 16], "texture": "#5"},
				"west": {"uv": [2, 8, 15, 16], "rotation": 90, "texture": "#5"},
				"up": {"uv": [0, 0, 0, 0], "texture": "#5"},
				"down": {"uv": [0, 0, 0, 0], "texture": "#5"}
			}
		},
		{
			"from": [0.01, 12, 3],
			"to": [15.99, 16, 16],
			"rotation": {"angle": -22.5, "axis": "x", "origin": [8, 8, 8]},
			"faces": {
				"north": {"uv": [0, 0, 16, 4], "texture": "#5"},
				"east": {"uv": [0, 4, 13, 8], "texture": "#5"},
				"south": {"uv": [0, 4, 16, 8], "texture": "#5"},
				"west": {"uv": [0, 4, 13, 8], "texture": "#5"},
				"up": {"uv": [0, 1, 16, 14], "rotation": 180, "texture": "#5"},
				"down": {"uv": [0, 0, 16, 13], "texture": "#5"}
			}
		},
		{
			"from": [5, 7, 4],
			"to": [11, 13, 19],
			"rotation": {"angle": -45, "axis": "x", "origin": [13, 15, 12]},
			"faces": {
				"north": {"uv": [10, 10, 16, 16], "texture": "#4"},
				"east": {"uv": [0, 10, 15, 16], "texture": "#4"},
				"south": {"uv": [10, 10, 16, 16], "texture": "#4"},
				"west": {"uv": [0, 10, 15, 16], "texture": "#4"},
				"up": {"uv": [10, 1, 16, 16], "texture": "#4"},
				"down": {"uv": [10, 1, 16, 16], "texture": "#4"}
			}
		},
		{
			"from": [4.995, 14, 16.5],
			"to": [11.005, 29, 22.5],
			"rotation": {"angle": 0, "axis": "x", "origin": [13, 22, 15]},
			"faces": {
				"north": {"uv": [0, 0, 6, 15], "rotation": 270, "texture": "#4"},
				"east": {"uv": [0, 10, 16, 16], "rotation": 90, "texture": "#4"},
				"south": {"uv": [10, 0, 16, 16], "texture": "#4"},
				"west": {"uv": [1, 10, 16, 16], "rotation": 270, "texture": "#4"},
				"up": {"uv": [10, 10, 16, 16], "texture": "#4"},
				"down": {"uv": [10, 10, 16, 16], "rotation": 180, "texture": "#4"}
			}
		},
		{
			"from": [4, 24, 12],
			"to": [12, 32, 20],
			"rotation": {"angle": 0, "axis": "y", "origin": [12, 38, 20]},
			"faces": {
				"north": {"uv": [3, 3, 11, 11], "texture": "#4"},
				"east": {"uv": [3, 3, 11, 11], "texture": "#4"},
				"south": {"uv": [0, 0, 8, 8], "texture": "#4"},
				"west": {"uv": [3, 3, 11, 11], "texture": "#4"},
				"up": {"uv": [3, 3, 11, 11], "texture": "#4"},
				"down": {"uv": [4, 8, 12, 16], "texture": "#4"}
			}
		},
		{
			"from": [-1, 14, -1],
			"to": [0, 20, 0],
			"rotation": {"angle": -22.5, "axis": "x", "origin": [7, 22, 7]},
			"faces": {
				"north": {"uv": [0, 0, 1, 6], "texture": "#4"},
				"east": {"uv": [0, 0, 1, 6], "texture": "#4"},
				"south": {"uv": [0, 0, 1, 6], "texture": "#4"},
				"west": {"uv": [5, 10, 6, 16], "texture": "#4"},
				"up": {"uv": [0, 0, 1, 1], "texture": "#4"},
				"down": {"uv": [0, 0, 1, 1], "texture": "#4"}
			}
		},
		{
			"from": [16, 14, -1],
			"to": [17, 20, 0],
			"rotation": {"angle": -22.5, "axis": "x", "origin": [24, 22, 7]},
			"faces": {
				"north": {"uv": [0, 0, 1, 6], "texture": "#4"},
				"east": {"uv": [0, 0, 1, 6], "texture": "#4"},
				"south": {"uv": [0, 0, 1, 6], "texture": "#4"},
				"west": {"uv": [0, 0, 1, 6], "texture": "#4"},
				"up": {"uv": [0, 0, 1, 1], "texture": "#4"},
				"down": {"uv": [0, 0, 1, 1], "texture": "#4"}
			}
		},
		{
			"from": [-1, 15, 2],
			"to": [0, 21, 3],
			"rotation": {"angle": -22.5, "axis": "x", "origin": [7, 23.2, 9.5]},
			"faces": {
				"north": {"uv": [0, 0, 1, 6], "texture": "#4"},
				"east": {"uv": [0, 0, 1, 6], "texture": "#4"},
				"south": {"uv": [0, 0, 1, 6], "texture": "#4"},
				"west": {"uv": [0, 0, 1, 6], "texture": "#4"},
				"up": {"uv": [0, 0, 1, 1], "texture": "#4"},
				"down": {"uv": [0, 0, 1, 1], "texture": "#4"}
			}
		},
		{
			"from": [16, 15, 2],
			"to": [17, 21, 3],
			"rotation": {"angle": -22.5, "axis": "x", "origin": [24, 23.2, 9.5]},
			"faces": {
				"north": {"uv": [0, 0, 1, 6], "texture": "#4"},
				"east": {"uv": [0, 0, 1, 6], "texture": "#4"},
				"south": {"uv": [0, 0, 1, 6], "texture": "#4"},
				"west": {"uv": [0, 0, 1, 6], "texture": "#4"},
				"up": {"uv": [0, 0, 1, 1], "texture": "#4"},
				"down": {"uv": [0, 0, 1, 1], "texture": "#4"}
			}
		},
		{
			"from": [-1, 16, 5],
			"to": [0, 22, 6],
			"rotation": {"angle": -22.5, "axis": "x", "origin": [7, 24.2, 12.3]},
			"faces": {
				"north": {"uv": [0, 0, 1, 6], "texture": "#4"},
				"east": {"uv": [0, 0, 1, 6], "texture": "#4"},
				"south": {"uv": [0, 0, 1, 6], "texture": "#4"},
				"west": {"uv": [0, 0, 1, 6], "texture": "#4"},
				"up": {"uv": [0, 0, 1, 1], "texture": "#4"},
				"down": {"uv": [0, 0, 1, 1], "texture": "#4"}
			}
		},
		{
			"from": [16, 16, 5],
			"to": [17, 22, 6],
			"rotation": {"angle": -22.5, "axis": "x", "origin": [24, 24.2, 12.3]},
			"faces": {
				"north": {"uv": [0, 0, 1, 6], "texture": "#4"},
				"east": {"uv": [0, 0, 1, 6], "texture": "#4"},
				"south": {"uv": [0, 0, 1, 6], "texture": "#4"},
				"west": {"uv": [0, 0, 1, 6], "texture": "#4"},
				"up": {"uv": [0, 0, 1, 1], "texture": "#4"},
				"down": {"uv": [0, 0, 1, 1], "texture": "#4"}
			}
		}
	],
	"display": {
		"firstperson_righthand": {
			"rotation": [0, 135, 0],
			"scale": [0.4, 0.4, 0.4]
		}
	}
}