{
	"credit": "Made with Blockbench",
	"parent": "minecraft:block/crop",
	"textures": {
		"1": "block/laughing_stalk0",
		"2": "block/laughing_stalk_face0",
		"particle": "block/laughing_stalk_face0"
	},
	"elements": [
		{
			"from": [5, 0, 6],
			"to": [13, 1, 11],
			"rotation": {"angle": 0, "axis": "y", "origin": [20, 8, 14]},
			"faces": {
				"north": {"uv": [0, 0, 8, 1], "texture": "#1"},
				"east": {"uv": [0, 0, 5, 1], "texture": "#1"},
				"south": {"uv": [0, 0, 8, 1], "texture": "#1"},
				"west": {"uv": [0, 0, 5, 1], "texture": "#1"},
				"up": {"uv": [4, 1, 12, 6], "texture": "#1"},
				"down": {"uv": [0, 0, 8, 5], "texture": "#1"}
			}
		},
		{
			"from": [3, 0, 8],
			"to": [11, 0.999, 13],
			"rotation": {"angle": 0, "axis": "y", "origin": [18, 8, 16]},
			"faces": {
				"north": {"uv": [0, 0, 8, 0.999], "texture": "#1"},
				"east": {"uv": [0, 0, 5, 0.999], "texture": "#1"},
				"south": {"uv": [0, 0, 8, 0.999], "texture": "#1"},
				"west": {"uv": [0, 0, 5, 0.999], "texture": "#1"},
				"up": {"uv": [5, 7, 13, 12], "texture": "#1"},
				"down": {"uv": [0, 0, 8, 5], "texture": "#1"}
			}
		},
		{
			"from": [4, 0, 4],
			"to": [12, 0.998, 9],
			"rotation": {"angle": 0, "axis": "y", "origin": [19, 8, 12]},
			"faces": {
				"north": {"uv": [0, 0, 8, 0.998], "texture": "#1"},
				"east": {"uv": [0, 0, 5, 0.998], "texture": "#1"},
				"south": {"uv": [0, 0, 8, 0.998], "texture": "#1"},
				"west": {"uv": [0, 0, 5, 0.998], "texture": "#1"},
				"up": {"uv": [4, 11, 12, 16], "texture": "#1"},
				"down": {"uv": [0, 0, 8, 5], "texture": "#1"}
			}
		},
		{
			"from": [5, 1, 5],
			"to": [10, 2, 10],
			"rotation": {"angle": 0, "axis": "y", "origin": [13, 9, 17]},
			"faces": {
				"north": {"uv": [0, 0, 5, 1], "texture": "#2"},
				"east": {"uv": [0, 0, 5, 1], "texture": "#2"},
				"south": {"uv": [0, 0, 5, 1], "texture": "#2"},
				"west": {"uv": [0, 0, 5, 1], "texture": "#2"},
				"up": {"uv": [4, 3, 12, 11], "texture": "#2"},
				"down": {"uv": [0, 0, 5, 5], "texture": "#2"}
			}
		},
		{
			"from": [6, 0, 3],
			"to": [10, 1, 4],
			"rotation": {"angle": 0, "axis": "y", "origin": [17, 8, 11]},
			"faces": {
				"north": {"uv": [0, 0, 4, 1], "texture": "#1"},
				"east": {"uv": [0, 0, 1, 1], "texture": "#1"},
				"south": {"uv": [0, 0, 4, 1], "texture": "#1"},
				"west": {"uv": [0, 0, 1, 1], "texture": "#1"},
				"up": {"uv": [0, 0, 4, 1], "texture": "#1"},
				"down": {"uv": [0, 0, 4, 1], "texture": "#1"}
			}
		}
	]
}