{
	"credit": "Made with Blockbench",
	"parent": "minecraft:block/crop",
	"textures": {
		"1": "block/laughing_stalk0",
		"2": "block/laughing_stalk_face0",
		"particle": "block/laughing_stalk_face0"
	},
	"elements": [
		{
			"from": [5, 0, 6],
			"to": [12, 1, 11],
			"rotation": {"angle": 0, "axis": "y", "origin": [20, 8, 14]},
			"faces": {
				"north": {"uv": [0, 0, 8, 1], "texture": "#1"},
				"east": {"uv": [10, 3, 15, 4], "texture": "#1"},
				"south": {"uv": [0, 0, 8, 1], "texture": "#1"},
				"west": {"uv": [6, 7, 11, 8], "texture": "#1"},
				"up": {"uv": [4, 0, 12, 5], "texture": "#1"},
				"down": {"uv": [0, 0, 8, 5], "texture": "#1"}
			}
		},
		{
			"from": [4, 0, 7],
			"to": [11, 0.999, 12],
			"rotation": {"angle": 0, "axis": "y", "origin": [18, 8, 16]},
			"faces": {
				"north": {"uv": [0, 0, 8, 0.999], "texture": "#1"},
				"east": {"uv": [0, 0, 5, 0.999], "texture": "#1"},
				"south": {"uv": [0, 7, 8, 8], "texture": "#1"},
				"west": {"uv": [0, 0, 5, 0.999], "texture": "#1"},
				"up": {"uv": [5, 3, 13, 8], "texture": "#1"},
				"down": {"uv": [0, 0, 8, 5], "texture": "#1"}
			}
		},
		{
			"from": [5, 0, 5],
			"to": [11, 0.998, 9],
			"rotation": {"angle": 0, "axis": "y", "origin": [19, 8, 12]},
			"faces": {
				"north": {"uv": [0, 0, 8, 0.998], "texture": "#1"},
				"east": {"uv": [0, 0, 5, 0.998], "texture": "#1"},
				"south": {"uv": [0, 0, 8, 0.998], "texture": "#1"},
				"west": {"uv": [2, 2, 7, 3], "texture": "#1"},
				"up": {"uv": [6, 2, 14, 7], "texture": "#1"},
				"down": {"uv": [0, 0, 8, 5], "texture": "#1"}
			}
		},
		{
			"from": [5, 2, 5],
			"to": [10, 7, 10],
			"rotation": {"angle": 0, "axis": "y", "origin": [13, 14, 17]},
			"faces": {
				"north": {"uv": [4, 3, 12, 11], "texture": "#2"},
				"east": {"uv": [4, 3, 12, 11], "texture": "#2"},
				"south": {"uv": [4, 3, 12, 11], "texture": "#2"},
				"west": {"uv": [4, 3, 12, 11], "texture": "#2"},
				"up": {"uv": [4, 3, 12, 11], "texture": "#2"},
				"down": {"uv": [0, 0, 5, 5], "texture": "#2"}
			}
		},
		{
			"from": [6, 0, 4],
			"to": [10, 1, 5],
			"rotation": {"angle": 0, "axis": "y", "origin": [17, 8, 12]},
			"faces": {
				"north": {"uv": [0, 0, 4, 1], "texture": "#1"},
				"east": {"uv": [0, 0, 1, 1], "texture": "#1"},
				"south": {"uv": [0, 0, 4, 1], "texture": "#1"},
				"west": {"uv": [0, 0, 1, 1], "texture": "#1"},
				"up": {"uv": [0, 0, 4, 1], "texture": "#1"},
				"down": {"uv": [0, 0, 4, 1], "texture": "#1"}
			}
		},
		{
			"from": [6, 1, 6],
			"to": [9, 2, 11],
			"rotation": {"angle": 0, "axis": "y", "origin": [15, 9, 16]},
			"faces": {
				"north": {"uv": [0, 0, 3, 1], "texture": "#1"},
				"east": {"uv": [0, 0, 5, 1], "texture": "#1"},
				"south": {"uv": [0, 0, 3, 1], "texture": "#1"},
				"west": {"uv": [0, 0, 5, 1], "texture": "#1"},
				"up": {"uv": [0, 0, 3, 5], "texture": "#1"},
				"down": {"uv": [0, 0, 3, 5], "texture": "#1"}
			}
		},
		{
			"from": [5, 1, 7],
			"to": [10, 2, 10],
			"rotation": {"angle": 0, "axis": "y", "origin": [14, 9, 16]},
			"faces": {
				"north": {"uv": [0, 0, 5, 1], "texture": "#1"},
				"east": {"uv": [0, 0, 3, 1], "texture": "#1"},
				"south": {"uv": [0, 0, 5, 1], "texture": "#1"},
				"west": {"uv": [0, 0, 3, 1], "texture": "#1"},
				"up": {"uv": [0, 0, 5, 3], "texture": "#1"},
				"down": {"uv": [0, 0, 5, 3], "texture": "#1"}
			}
		}
	]
}