{
	"credit": "Made with Blockbench",
	"parent": "minecraft:block/template_glazed_terracotta",
	"textures": {
		"pattern": "block/laughing_stalk_face0"
	},
	"elements": [
		{
			"from": [-16, -16, -16],
			"to": [32, 32, 32],
			"faces": {
				"north": {"uv": [4, 3, 12, 11], "texture": "#pattern"},
				"east": {"uv": [4, 3, 12, 11], "texture": "#pattern"},
				"south": {"uv": [4, 3, 12, 11], "texture": "#pattern"},
				"west": {"uv": [4, 3, 12, 11], "texture": "#pattern"},
				"up": {"uv": [4, 3, 12, 11], "texture": "#pattern"},
				"down": {"uv": [4, 3, 12, 11], "texture": "#pattern"}
			}
		}
	],
	"display": {
		"thirdperson_righthand": {
			"rotation": [68, 0, 0],
			"translation": [0, 20, 80],
			"scale": [4, 4, 4]
		}
	}
}