{
	"credit": "Made with Blockbench",
	"parent": "minecraft:block/pressure_plate_up",
	"textures": {
		"0": "block/structure_block",
		"1": "block/structure_block_corner",
		"2": "block/structure_block_data",
		"3": "block/soul_sand",
		"particle": "block/structure_block"
	},
	"elements": [
		{
			"from": [4, 12, 4],
			"to": [12, 20, 12],
			"rotation": {"angle": 0, "axis": "z", "origin": [19, 20, 20]},
			"faces": {
				"north": {"uv": [0, 0, 7, 11], "texture": "#2"},
				"east": {"uv": [8, 8, 16, 16], "texture": "#2"},
				"south": {"uv": [0, 0, 7, 11], "texture": "#2"},
				"west": {"uv": [8, 8, 16, 16], "texture": "#2"},
				"up": {"uv": [8, 8, 16, 16], "texture": "#2"},
				"down": {"uv": [8, 8, 16, 16], "texture": "#2"}
			}
		},
		{
			"from": [2, 3, 2],
			"to": [14, 4, 14],
			"rotation": {"angle": 0, "axis": "y", "origin": [10, 11, 10]},
			"faces": {
				"north": {"uv": [2, 0, 14, 1], "texture": "#3"},
				"east": {"uv": [2, 0, 14, 1], "texture": "#3"},
				"south": {"uv": [2, 0, 14, 1], "texture": "#3"},
				"west": {"uv": [2, 0, 14, 1], "texture": "#3"},
				"up": {"uv": [2, 1, 14, 15], "texture": "#3"},
				"down": {"uv": [0, 0, 12, 12], "texture": "#3"}
			}
		},
		{
			"from": [0, 0, 0],
			"to": [16, 3, 16],
			"rotation": {"angle": 0, "axis": "y", "origin": [13, 8, 18]},
			"faces": {
				"north": {"uv": [0, 13, 16, 16], "texture": "#1"},
				"east": {"uv": [0, 13, 16, 16], "texture": "#1"},
				"south": {"uv": [0, 13, 16, 16], "texture": "#1"},
				"west": {"uv": [0, 13, 16, 16], "texture": "#1"},
				"up": {"uv": [0, 0, 16, 16], "texture": "#1"},
				"down": {"uv": [0, 0, 14, 14], "texture": "#1"}
			}
		},
		{
			"from": [4, 6, 7],
			"to": [12, 8, 9],
			"rotation": {"angle": 0, "axis": "y", "origin": [9, 15, 15]},
			"faces": {
				"north": {"uv": [0, 0, 8, 2], "texture": "#0"},
				"east": {"uv": [0, 0, 2, 2], "texture": "#0"},
				"south": {"uv": [0, 0, 8, 2], "texture": "#0"},
				"west": {"uv": [0, 0, 2, 2], "texture": "#0"},
				"up": {"uv": [0, 0, 8, 2], "texture": "#0"},
				"down": {"uv": [0, 0, 8, 2], "texture": "#0"}
			}
		},
		{
			"from": [16, 12, 7],
			"to": [18, 20, 9],
			"rotation": {"angle": 0, "axis": "y", "origin": [16, 24, 15]},
			"faces": {
				"north": {"uv": [0, 0, 2, 8], "texture": "#0"},
				"east": {"uv": [0, 0, 2, 8], "texture": "#0"},
				"south": {"uv": [0, 0, 2, 8], "texture": "#0"},
				"west": {"uv": [0, 0, 2, 8], "texture": "#0"},
				"up": {"uv": [0, 0, 2, 2], "texture": "#0"},
				"down": {"uv": [0, 0, 2, 2], "texture": "#0"}
			}
		},
		{
			"from": [-2, 12, 7],
			"to": [0, 20, 9],
			"rotation": {"angle": 0, "axis": "y", "origin": [-2, 25, 15]},
			"faces": {
				"north": {"uv": [0, 0, 2, 8], "texture": "#0"},
				"east": {"uv": [0, 0, 2, 8], "texture": "#0"},
				"south": {"uv": [0, 0, 2, 8], "texture": "#0"},
				"west": {"uv": [0, 0, 2, 8], "texture": "#0"},
				"up": {"uv": [0, 0, 2, 2], "texture": "#0"},
				"down": {"uv": [0, 0, 2, 2], "texture": "#0"}
			}
		},
		{
			"from": [3, 24, 7],
			"to": [12, 26, 9],
			"rotation": {"angle": 0, "axis": "y", "origin": [8, 33, 15]},
			"faces": {
				"north": {"uv": [0, 0, 9, 2], "texture": "#0"},
				"east": {"uv": [0, 0, 2, 2], "texture": "#0"},
				"south": {"uv": [0, 0, 9, 2], "texture": "#0"},
				"west": {"uv": [0, 0, 2, 2], "texture": "#0"},
				"up": {"uv": [0, 0, 9, 2], "texture": "#0"},
				"down": {"uv": [0, 0, 9, 2], "texture": "#0"}
			}
		},
		{
			"from": [-9.9, 29, 7],
			"to": [-4.9, 31, 9],
			"rotation": {"angle": 45, "axis": "z", "origin": [5.2, 37, 16]},
			"faces": {
				"north": {"uv": [0, 0, 5, 2], "texture": "#0"},
				"east": {"uv": [0, 0, 2, 2], "texture": "#0"},
				"south": {"uv": [0, 0, 5, 2], "texture": "#0"},
				"west": {"uv": [0, 0, 2, 2], "texture": "#0"},
				"up": {"uv": [0, 0, 5, 2], "texture": "#0"},
				"down": {"uv": [0, 0, 5, 2], "texture": "#0"}
			}
		},
		{
			"from": [3, 15, 7],
			"to": [9, 17, 9],
			"rotation": {"angle": 45, "axis": "z", "origin": [18.5, 23, 16]},
			"faces": {
				"north": {"uv": [0, 0, 6, 2], "texture": "#0"},
				"east": {"uv": [0, 0, 2, 2], "texture": "#0"},
				"south": {"uv": [0, 0, 6, 2], "texture": "#0"},
				"west": {"uv": [0, 0, 2, 2], "texture": "#0"},
				"up": {"uv": [0, 0, 6, 2], "texture": "#0"},
				"down": {"uv": [0, 0, 6, 2], "texture": "#0"}
			}
		},
		{
			"from": [14, 11, 7],
			"to": [19, 13, 9],
			"rotation": {"angle": -45, "axis": "z", "origin": [28.5, 19, 16]},
			"faces": {
				"north": {"uv": [0, 0, 5, 2], "texture": "#0"},
				"east": {"uv": [0, 0, 2, 2], "texture": "#0"},
				"south": {"uv": [0, 0, 5, 2], "texture": "#0"},
				"west": {"uv": [0, 0, 2, 2], "texture": "#0"},
				"up": {"uv": [0, 0, 5, 2], "texture": "#0"},
				"down": {"uv": [0, 0, 5, 2], "texture": "#0"}
			}
		},
		{
			"from": [0, -1, 7],
			"to": [7, 1, 9],
			"rotation": {"angle": -45, "axis": "z", "origin": [13.5, 7, 16]},
			"faces": {
				"north": {"uv": [0, 0, 7, 2], "texture": "#0"},
				"east": {"uv": [0, 0, 2, 2], "texture": "#0"},
				"south": {"uv": [0, 0, 7, 2], "texture": "#0"},
				"west": {"uv": [0, 0, 2, 2], "texture": "#0"},
				"up": {"uv": [0, 0, 7, 2], "texture": "#0"},
				"down": {"uv": [0, 0, 7, 2], "texture": "#0"}
			}
		},
		{
			"from": [-5.5, 7.4, 6.5],
			"to": [-2.5, 10.4, 9.5],
			"rotation": {"angle": 22.5, "axis": "z", "origin": [-10.5, 19, 14.5]},
			"faces": {
				"north": {"uv": [3, 3, 11, 11], "rotation": 90, "texture": "#0"},
				"east": {"uv": [3, 3, 11, 11], "rotation": 270, "texture": "#0"},
				"south": {"uv": [3, 3, 11, 11], "rotation": 270, "texture": "#0"},
				"west": {"uv": [3, 3, 11, 11], "rotation": 270, "texture": "#0"},
				"up": {"uv": [0, 0, 3, 3], "rotation": 270, "texture": "#0"},
				"down": {"uv": [0, 0, 3, 3], "rotation": 270, "texture": "#0"}
			}
		},
		{
			"from": [19.2, 21.6, 6.5],
			"to": [22.2, 24.6, 9.5],
			"rotation": {"angle": 22.5, "axis": "z", "origin": [26.7, 12, 14.5]},
			"faces": {
				"north": {"uv": [3, 3, 11, 11], "rotation": 270, "texture": "#0"},
				"east": {"uv": [3, 3, 11, 11], "rotation": 90, "texture": "#0"},
				"south": {"uv": [3, 3, 11, 11], "rotation": 90, "texture": "#0"},
				"west": {"uv": [3, 3, 11, 11], "rotation": 90, "texture": "#0"},
				"up": {"uv": [0, 0, 3, 3], "rotation": 90, "texture": "#0"},
				"down": {"uv": [0, 0, 3, 3], "rotation": 90, "texture": "#0"}
			}
		},
		{
			"from": [11, 9, 6.5],
			"to": [14, 12, 9.5],
			"rotation": {"angle": -22.5, "axis": "z", "origin": [18.5, 0, 14.5]},
			"faces": {
				"north": {"uv": [3, 3, 11, 11], "rotation": 270, "texture": "#0"},
				"east": {"uv": [3, 3, 11, 11], "rotation": 90, "texture": "#0"},
				"south": {"uv": [3, 3, 11, 11], "rotation": 90, "texture": "#0"},
				"west": {"uv": [3, 3, 11, 11], "rotation": 90, "texture": "#0"},
				"up": {"uv": [0, 0, 3, 3], "rotation": 90, "texture": "#0"},
				"down": {"uv": [0, 0, 3, 3], "rotation": 90, "texture": "#0"}
			}
		},
		{
			"from": [2, 20, 6.5],
			"to": [5, 23, 9.5],
			"rotation": {"angle": -22.5, "axis": "z", "origin": [-2.5, 32, 14.5]},
			"faces": {
				"north": {"uv": [3, 3, 11, 11], "rotation": 90, "texture": "#0"},
				"east": {"uv": [3, 3, 11, 11], "rotation": 270, "texture": "#0"},
				"south": {"uv": [3, 3, 11, 11], "rotation": 270, "texture": "#0"},
				"west": {"uv": [3, 3, 11, 11], "rotation": 270, "texture": "#0"},
				"up": {"uv": [0, 0, 3, 3], "rotation": 270, "texture": "#0"},
				"down": {"uv": [0, 0, 3, 3], "rotation": 270, "texture": "#0"}
			}
		},
		{
			"from": [12.5, 18.5, 6.5],
			"to": [15.5, 21.5, 9.5],
			"rotation": {"angle": -22.5, "axis": "z", "origin": [24.5, 26, 14.5]},
			"faces": {
				"north": {"uv": [3, 3, 11, 11], "texture": "#0"},
				"east": {"uv": [0, 0, 3, 3], "texture": "#0"},
				"south": {"uv": [3, 3, 11, 11], "texture": "#0"},
				"west": {"uv": [0, 0, 3, 3], "texture": "#0"},
				"up": {"uv": [3, 3, 11, 11], "texture": "#0"},
				"down": {"uv": [3, 3, 11, 11], "texture": "#0"}
			}
		},
		{
			"from": [0.5, 10.5, 6.5],
			"to": [3.5, 13.5, 9.5],
			"rotation": {"angle": -22.5, "axis": "z", "origin": [-8.5, 6, 14.5]},
			"faces": {
				"north": {"uv": [3, 3, 11, 11], "rotation": 180, "texture": "#0"},
				"east": {"uv": [0, 0, 3, 3], "rotation": 180, "texture": "#0"},
				"south": {"uv": [3, 3, 11, 11], "rotation": 180, "texture": "#0"},
				"west": {"uv": [0, 0, 3, 3], "rotation": 180, "texture": "#0"},
				"up": {"uv": [3, 3, 11, 11], "rotation": 180, "texture": "#0"},
				"down": {"uv": [3, 3, 11, 11], "rotation": 180, "texture": "#0"}
			}
		},
		{
			"from": [14.5, 2.5, 6.5],
			"to": [17.5, 5.5, 9.5],
			"rotation": {"angle": 22.5, "axis": "z", "origin": [5.5, -2, 14.5]},
			"faces": {
				"north": {"uv": [3, 3, 11, 11], "rotation": 180, "texture": "#0"},
				"east": {"uv": [0, 0, 3, 3], "rotation": 180, "texture": "#0"},
				"south": {"uv": [3, 3, 11, 11], "rotation": 180, "texture": "#0"},
				"west": {"uv": [0, 0, 3, 3], "rotation": 180, "texture": "#0"},
				"up": {"uv": [3, 3, 11, 11], "rotation": 180, "texture": "#0"},
				"down": {"uv": [3, 3, 11, 11], "rotation": 180, "texture": "#0"}
			}
		},
		{
			"from": [-1, 26.5, 6.5],
			"to": [2, 29.5, 9.5],
			"rotation": {"angle": 22.5, "axis": "z", "origin": [10, 34, 14.5]},
			"faces": {
				"north": {"uv": [3, 3, 11, 11], "texture": "#0"},
				"east": {"uv": [0, 0, 3, 3], "texture": "#0"},
				"south": {"uv": [3, 3, 11, 11], "texture": "#0"},
				"west": {"uv": [0, 0, 3, 3], "texture": "#0"},
				"up": {"uv": [3, 3, 11, 11], "texture": "#0"},
				"down": {"uv": [3, 3, 11, 11], "texture": "#0"}
			}
		}
	],
	"display": {
		"thirdperson_righthand": {
			"rotation": [65, 0, 0],
			"translation": [-6, -3.25, 8.5]
		}
	},
	"groups": [0,
		{
			"name": "group",
			"origin": [10, 11, 10],
			"children": [1, 2]
		}, 3, 4, 5, 6, 7, 8, 9, 10, 11, 12, 13, 14, 15, 16, 17, 18]
}