{
	"credit": "Made with Blockbench",
	"parent": "minecraft:block/cube_bottom_top",
	"textures": {
		"top": "block/respawn_anchor_top_off",
		"bottom": "block/respawn_anchor_bottom",
		"side": "block/respawn_anchor_side0"
	},
	"elements": [
		{
			"from": [0, 0, 0],
			"to": [16, 16, 16],
			"rotation": {"angle": 0, "axis": "y", "origin": [8, 8, 23]},
			"faces": {
				"north": {"uv": [0, 0, 16, 16], "texture": "#side"},
				"east": {"uv": [0, 0, 16, 16], "texture": "#side"},
				"south": {"uv": [0, 0, 16, 16], "texture": "#side"},
				"west": {"uv": [0, 0, 16, 16], "texture": "#side"},
				"up": {"uv": [0, 0, 16, 16], "texture": "#top"},
				"down": {"uv": [0, 0, 16, 16], "texture": "#bottom"}
			}
		},
		{
			"from": [7, 12, 2],
			"to": [9, 20, 4],
			"rotation": {"angle": 22.5, "axis": "x", "origin": [17, 20, 11]},
			"faces": {
				"north": {"uv": [14, 0, 16, 8], "texture": "#top"},
				"east": {"uv": [14, 6, 16, 14], "texture": "#top"},
				"south": {"uv": [0, 6, 2, 14], "texture": "#top"},
				"west": {"uv": [14, 7, 16, 15], "texture": "#top"},
				"up": {"uv": [0, 0, 2, 2], "texture": "#top"},
				"down": {"uv": [0, 0, 2, 2], "texture": "#top"}
			}
		},
		{
			"from": [7, 18, 11],
			"to": [9, 26, 13],
			"rotation": {"angle": -22.5, "axis": "x", "origin": [17, 26, 20]},
			"faces": {
				"north": {"uv": [14, 6, 16, 14], "texture": "#top"},
				"east": {"uv": [0, 4, 2, 12], "texture": "#top"},
				"south": {"uv": [14, 6, 16, 14], "texture": "#top"},
				"west": {"uv": [0, 0, 2, 8], "texture": "#top"},
				"up": {"uv": [0, 0, 2, 2], "texture": "#top"},
				"down": {"uv": [0, 0, 2, 2], "texture": "#top"}
			}
		},
		{
			"from": [10.5, 20, 7],
			"to": [12.5, 28, 9],
			"rotation": {"angle": 22.5, "axis": "z", "origin": [24.5, 28, 16]},
			"faces": {
				"north": {"uv": [0, 1, 2, 9], "texture": "#top"},
				"east": {"uv": [14, 7, 16, 15], "texture": "#top"},
				"south": {"uv": [0, 8, 2, 16], "texture": "#top"},
				"west": {"uv": [0, 0, 2, 8], "texture": "#top"},
				"up": {"uv": [0, 0, 2, 2], "texture": "#top"},
				"down": {"uv": [0, 0, 2, 2], "texture": "#top"}
			}
		},
		{
			"from": [1.5, 10, 7],
			"to": [3.5, 18, 9],
			"rotation": {"angle": -22.5, "axis": "z", "origin": [15.5, 18, 16]},
			"faces": {
				"north": {"uv": [14, 6, 16, 14], "texture": "#top"},
				"east": {"uv": [14, 8, 16, 16], "texture": "#top"},
				"south": {"uv": [0, 2, 2, 10], "texture": "#top"},
				"west": {"uv": [0, 0, 2, 8], "texture": "#top"},
				"up": {"uv": [0, 0, 2, 2], "texture": "#top"},
				"down": {"uv": [0, 0, 2, 2], "texture": "#top"}
			}
		},
		{
			"from": [5, 22, 3],
			"to": [11, 24, 5],
			"rotation": {"angle": 0, "axis": "y", "origin": [13, 30, 11]},
			"faces": {
				"north": {"uv": [5, 9, 11, 11], "texture": "#side"},
				"east": {"uv": [0, 0, 2, 2], "texture": "#side"},
				"south": {"uv": [0, 2, 6, 4], "texture": "#side"},
				"west": {"uv": [0, 0, 2, 2], "texture": "#side"},
				"up": {"uv": [10, 3, 16, 5], "texture": "#side"},
				"down": {"uv": [10, 2, 16, 4], "texture": "#side"}
			}
		},
		{
			"from": [5, 22, 11],
			"to": [11, 24, 13],
			"rotation": {"angle": 0, "axis": "y", "origin": [13, 30, 19]},
			"faces": {
				"north": {"uv": [5, 8, 11, 10], "texture": "#side"},
				"east": {"uv": [0, 0, 2, 2], "texture": "#side"},
				"south": {"uv": [10, 3, 16, 5], "texture": "#side"},
				"west": {"uv": [0, 0, 2, 2], "texture": "#side"},
				"up": {"uv": [0, 2, 6, 4], "texture": "#side"},
				"down": {"uv": [10, 2, 16, 4], "texture": "#side"}
			}
		},
		{
			"from": [3, 22, 5],
			"to": [5, 24, 11],
			"rotation": {"angle": 0, "axis": "y", "origin": [11, 30, 15]},
			"faces": {
				"north": {"uv": [0, 0, 2, 2], "texture": "#side"},
				"east": {"uv": [0, 4, 6, 6], "texture": "#side"},
				"south": {"uv": [0, 0, 2, 2], "texture": "#side"},
				"west": {"uv": [0, 2, 6, 4], "texture": "#side"},
				"up": {"uv": [11, 4, 13, 10], "texture": "#side"},
				"down": {"uv": [0, 0, 2, 6], "texture": "#side"}
			}
		},
		{
			"from": [11, 22, 5],
			"to": [13, 24, 11],
			"rotation": {"angle": 0, "axis": "y", "origin": [19, 30, 15]},
			"faces": {
				"north": {"uv": [0, 0, 2, 2], "texture": "#side"},
				"east": {"uv": [3, 8, 9, 10], "texture": "#side"},
				"south": {"uv": [0, 0, 2, 2], "texture": "#side"},
				"west": {"uv": [0, 3, 6, 5], "texture": "#side"},
				"up": {"uv": [0, 0, 2, 6], "texture": "#side"},
				"down": {"uv": [0, 0, 2, 6], "texture": "#side"}
			}
		}
	]
}